INSERT INTO users (id, username, password, email) VALUES ('eef8c718-b25e-11e9-a2a3-2a2ae2dbcce4','vas','a665a45920422f9d417e4867efdc4fb8a04a1f3fff1fa07e998e86f7f7a27ae3','vas.vas@vas.com');
insert into problems (id, name, points) values ('940322b9-c946-4bc3-9468-372f33f4738e', 'Object-based eco-centric task-force', 174);
insert into problems (id, name, points) values ('c5a2b6f2-6484-4164-aac4-7c160f2d683f', 'Diverse disintermediate model', 125);
insert into problems (id, name, points) values ('a08e9de4-acbd-43ff-90ca-d6e56d9435e5', 'Business-focused encompassing database', 248);
insert into problems (id, name, points) values ('c82ff032-b91c-4c3c-91fc-0410b2b36c89', 'Fully-configurable motivating paradigm', 126);
insert into problems (id, name, points) values ('8bb81b3d-a4f0-4a97-8efd-00ab21cdfa85', 'Ameliorated heuristic ability', 159);
insert into problems (id, name, points) values ('1cf39835-1e8a-4fc7-894b-af3dcf47f117', 'Focused mobile architecture', 247);
insert into problems (id, name, points) values ('30696846-08a4-412b-b4d6-a6e01f9173ac', 'Programmable disintermediate instruction set', 101);
insert into submissions (id, achieved_result, created_on, problem_id, user_id) values ('c277de69-b431-4c5b-a8bc-dec7091e41df', 125, '2019-01-21 08:38:17', 'c5a2b6f2-6484-4164-aac4-7c160f2d683f', 'eef8c718-b25e-11e9-a2a3-2a2ae2dbcce4');
insert into submissions (id, achieved_result, created_on, problem_id, user_id) values ('92577bf6-ad65-410c-b5ca-6971e153e75a', 66, '2019-08-14 02:23:56', 'c82ff032-b91c-4c3c-91fc-0410b2b36c89', 'eef8c718-b25e-11e9-a2a3-2a2ae2dbcce4');
insert into submissions (id, achieved_result, created_on, problem_id, user_id) values ('29372f4f-e8ed-4313-bf4c-4caaed63b727', 247, '2019-01-21 08:38:17', '1cf39835-1e8a-4fc7-894b-af3dcf47f117', 'eef8c718-b25e-11e9-a2a3-2a2ae2dbcce4');
insert into submission_code (submission_id,code) values ('c277de69-b431-4c5b-a8bc-dec7091e41df' , 'public class Test {');
insert into submission_code (submission_id,code) values ('c277de69-b431-4c5b-a8bc-dec7091e41df' , '    public static void main(String[] args) {');
insert into submission_code (submission_id,code) values ('c277de69-b431-4c5b-a8bc-dec7091e41df' , '        System.out.println("Test");');
insert into submission_code (submission_id,code) values ('c277de69-b431-4c5b-a8bc-dec7091e41df' , '    }');
insert into submission_code (submission_id,code) values ('c277de69-b431-4c5b-a8bc-dec7091e41df' , '}');
insert into submission_code (submission_id,code) values ('92577bf6-ad65-410c-b5ca-6971e153e75a' , 'public class Test {');
insert into submission_code (submission_id,code) values ('92577bf6-ad65-410c-b5ca-6971e153e75a' , '    public static void main(String[] args) {');
insert into submission_code (submission_id,code) values ('92577bf6-ad65-410c-b5ca-6971e153e75a' , '        System.out.println("Test");');
insert into submission_code (submission_id,code) values ('92577bf6-ad65-410c-b5ca-6971e153e75a' , '    }');
insert into submission_code (submission_id,code) values ('92577bf6-ad65-410c-b5ca-6971e153e75a' , '}');
insert into submission_code (submission_id,code) values ('29372f4f-e8ed-4313-bf4c-4caaed63b727' , 'function getName() {');
insert into submission_code (submission_id,code) values ('29372f4f-e8ed-4313-bf4c-4caaed63b727' , '    return "Focused mobile architecture";');
insert into submission_code (submission_id,code) values ('29372f4f-e8ed-4313-bf4c-4caaed63b727' , '}');
