INSERT INTO users (id, username, password, email) VALUES
    ('eef8c718-b25e-11e9-a2a3-2a2ae2dbcce4','vas','a665a45920422f9d417e4867efdc4fb8a04a1f3fff1fa07e998e86f7f7a27ae3','vas.atanasov@gmail.com');
insert into problems (id, name, points) values ('940322b9-c946-4bc3-9468-372f33f4738e', 'Object-based eco-centric task-force', 174);
insert into problems (id, name, points) values ('c5a2b6f2-6484-4164-aac4-7c160f2d683f', 'Diverse disintermediate model', 125);
insert into problems (id, name, points) values ('a08e9de4-acbd-43ff-90ca-d6e56d9435e5', 'Business-focused encompassing database', 248);
insert into problems (id, name, points) values ('c82ff032-b91c-4c3c-91fc-0410b2b36c89', 'Fully-configurable motivating paradigm', 126);
insert into problems (id, name, points) values ('8bb81b3d-a4f0-4a97-8efd-00ab21cdfa85', 'Ameliorated heuristic ability', 159);
insert into problems (id, name, points) values ('1cf39835-1e8a-4fc7-894b-af3dcf47f117', 'Focused mobile architecture', 247);
insert into problems (id, name, points) values ('30696846-08a4-412b-b4d6-a6e01f9173ac', 'Programmable disintermediate instruction set', 101);
insert into submissions (id, achieved_result, created_on, problem_id, user_id) values ('c277de69-b431-4c5b-a8bc-dec7091e41df', 45, '2019-01-21 08:38:17', 'c5a2b6f2-6484-4164-aac4-7c160f2d683f', 'eef8c718-b25e-11e9-a2a3-2a2ae2dbcce4');
insert into submissions (id, achieved_result, created_on, problem_id, user_id) values ('92577bf6-ad65-410c-b5ca-6971e153e75a', 66, '2019-08-14 02:23:56', 'c82ff032-b91c-4c3c-91fc-0410b2b36c89', 'eef8c718-b25e-11e9-a2a3-2a2ae2dbcce4');
insert into submissions (id, achieved_result, created_on, problem_id, user_id) values ('12b44f4e-8266-48bf-a279-5cc5b6051977', 2, '2019-01-25 07:01:03', 'c5a2b6f2-6484-4164-aac4-7c160f2d683f', 'eef8c718-b25e-11e9-a2a3-2a2ae2dbcce4');
insert into submissions (id, achieved_result, created_on, problem_id, user_id) values ('5a4247f8-8a65-49f7-882c-7eac92b07c52', 17, '2019-08-20 15:41:02', 'c5a2b6f2-6484-4164-aac4-7c160f2d683f', 'eef8c718-b25e-11e9-a2a3-2a2ae2dbcce4');
insert into submissions (id, achieved_result, created_on, problem_id, user_id) values ('66c9c1d5-92a4-429e-9624-9f1c1c3c52b9', 106, '2019-05-18 19:29:10', 'c5a2b6f2-6484-4164-aac4-7c160f2d683f', 'eef8c718-b25e-11e9-a2a3-2a2ae2dbcce4');
insert into submissions (id, achieved_result, created_on, problem_id, user_id) values ('33b69a0d-b9e3-4e42-acb1-803b1c7e9187', 73, '2018-12-12 04:39:51', '30696846-08a4-412b-b4d6-a6e01f9173ac', 'eef8c718-b25e-11e9-a2a3-2a2ae2dbcce4');
insert into submissions (id, achieved_result, created_on, problem_id, user_id) values ('e8c27ad7-fec7-4e50-ac06-4223c721c612', 101, '2019-06-01 00:36:56', '30696846-08a4-412b-b4d6-a6e01f9173ac', 'eef8c718-b25e-11e9-a2a3-2a2ae2dbcce4');
insert into submissions (id, achieved_result, created_on, problem_id, user_id) values ('dafb1158-9e71-4e02-9d4e-6de168b0ec04', 45, '2019-04-11 08:04:46', 'a08e9de4-acbd-43ff-90ca-d6e56d9435e5', 'eef8c718-b25e-11e9-a2a3-2a2ae2dbcce4');
insert into submissions (id, achieved_result, created_on, problem_id, user_id) values ('e3337d47-da6d-4a7d-971c-7e9c0d20085e', 2, '2019-10-12 14:21:16', 'a08e9de4-acbd-43ff-90ca-d6e56d9435e5', 'eef8c718-b25e-11e9-a2a3-2a2ae2dbcce4');
insert into submission_code (submission_id,code) values ('c277de69-b431-4c5b-a8bc-dec7091e41df' , 'public class Test {');
insert into submission_code (submission_id,code) values ('c277de69-b431-4c5b-a8bc-dec7091e41df' , '    public static void main(String[] args) {');
insert into submission_code (submission_id,code) values ('c277de69-b431-4c5b-a8bc-dec7091e41df' , '        System.out.println("Test");');
insert into submission_code (submission_id,code) values ('c277de69-b431-4c5b-a8bc-dec7091e41df' , '    }');
insert into submission_code (submission_id,code) values ('c277de69-b431-4c5b-a8bc-dec7091e41df' , '}');
insert into submission_code (submission_id,code) values ('92577bf6-ad65-410c-b5ca-6971e153e75a' , 'public class Test {');
insert into submission_code (submission_id,code) values ('92577bf6-ad65-410c-b5ca-6971e153e75a' , '    public static void main(String[] args) {');
insert into submission_code (submission_id,code) values ('92577bf6-ad65-410c-b5ca-6971e153e75a' , '        System.out.println("Test");');
insert into submission_code (submission_id,code) values ('92577bf6-ad65-410c-b5ca-6971e153e75a' , '    }');
insert into submission_code (submission_id,code) values ('92577bf6-ad65-410c-b5ca-6971e153e75a' , '}');







